93639fb5-a89c-481b-97a0-58519cf8ee24,Ruth,Dickens,ruby,124,ready for deployment
a642ec23-8fae-473c-9546-171d3688a59b,Hester,Beahan,ruby,320,initial commit
f4ff1487-4bca-4ac7-ab24-6064da37da8c,Maybell,Grant,Python,217,bug fixed
96facc92-c93e-4768-9c2f-deaf9ca428d1,Taylor,Will,JavaScript,419,ready for deployment
be81b4ee-dd48-4c5f-aaba-2302d9aa7ab4,Dorcas,Considine,JavaScript,444,features added
f645d0e3-db13-4358-b059-71537d8182a7,Melany,Hodkiewicz,C++,250,bug fixed
02476663-5abc-4054-af24-351811b9884d,Norval,Reilly,scala,156,features added
38f9a653-4077-4d03-b320-d41903f40f4f,Sim,Kassulke,C++,383,initial commit
9edcf08b-bbc4-4d7e-b67d-81889b63e25a,Freddy,Jakubowski,scala,376,features added
0c7079b3-0917-4f46-ada7-963087a43d6d,Dane,Klein,JavaScript,471,initial commit
5a77f73b-9d77-498e-8170-a42ee08edd84,Harrison,Kub,C,240,features updated to the requirement
38ac1639-dcf1-4ccd-a592-01adf19c93dd,Kirsten,Lowe,Java,170,initial commit
43f59516-a76b-48ba-9eaa-968f29798fb0,Estevan,Davis,ruby,438,bug fixed
0a364013-9bb1-44a5-be1b-5eeebdaf1af9,Lorenzo,Zemlak,JavaScript,424,features added
15631dde-4452-451d-9cad-0baefa3f27d6,Sydney,Abbott,JavaScript,472,features updated to the requirement
c33c7455-7a3a-455e-8db5-5ea3972b7fe6,Magnus,Shields,JavaScript,146,features added
c5131f42-4220-4b99-96f7-be0b658457ac,Tess,Schaefer,Java,103,features added
247aa612-1470-40b8-b4f7-9ecf59838e44,Lora,Goodwin,ruby,435,features updated to the requirement
f5bc9ecc-c4b9-4eb2-a130-922a669cb0e4,Mazie,Torp,Python,255,features added
552b898f-8e5e-41db-888e-5b568ed97bff,Lottie,Olson,Python,114,bug fixed
50a93923-175d-4d35-9d51-d17816daf2d3,Shanie,Dibbert,C++,173,features updated to the requirement
68e20d55-51fa-4252-b567-01b3b2a41707,Tyrell,Aufderhar,ruby,409,ready for deployment
2dfd171d-7ce5-4b9b-8add-f8513ffe1b97,Clifford,Little,C,126,initial commit
bb994861-9666-416f-9604-cc3a59350120,Rita,Hagenes,ruby,120,bug fixed
6a03f9bf-6afb-4172-bd35-1b7b176d2f3a,Marquise,Parker,C++,310,bug fixed
7ad0850c-d562-4fdd-954c-ef323371197d,Albin,Kihn,JavaScript,259,bug fixed
b39f46af-af35-4935-96ba-8905bf479a84,Brett,Grimes,scala,239,features added
a35c6f81-5d70-495f-ae90-df5c00d43127,Blair,Pacocha,ruby,351,features updated to the requirement
a47cff0e-a3f9-4459-9c18-668e0af2932f,Santino,Douglas,scala,126,bug fixed
150f7ab0-fd4e-4235-bd4e-4cdb82cd4b33,Retha,Zieme,C,371,ready for deployment
48ec8075-a14f-40b8-8af7-f2dec53bee5b,Sarai,Schowalter,Python,135,ready for deployment
abfec1a1-1313-4564-8245-88975ef0da54,Filiberto,Moore,JavaScript,155,bug fixed
024934fa-99a6-46f0-9f88-7c3cda60ce76,Denis,D'Amore,Java,379,ready for deployment
82c9b1b1-ddc2-4b23-b25a-d69ecf9e5404,Ross,Muller,JavaScript,405,bug fixed
c4ce3fd7-899e-4c1c-b591-b3b95e7c10bb,Tillman,Hoeger,C++,408,bug fixed
a163cf57-a9eb-4101-a048-d8c893331a5f,Simeon,Hilll,Python,232,initial commit
d0033544-a91e-4b8b-af89-0349501f7a05,Juliana,D'Amore,JavaScript,240,bug fixed
e2a439d8-b35b-4584-ab0f-36017b640a38,Jazmyne,Funk,JavaScript,470,ready for deployment
95c882e7-beb1-4796-bf20-71ab155b1e4c,Kelvin,Hamill,Java,205,features updated to the requirement
6534591c-55b4-41d7-80b7-b2c553a301cc,Leatha,Boehm,scala,154,bug fixed
684dd53f-1129-45dc-95c2-13b6b9b1531d,Eino,Fay,JavaScript,410,initial commit
838e9a31-284d-4017-bbbf-58784e726f47,Woodrow,Stokes,Python,226,ready for deployment
eb265a3d-12a8-4717-8a16-17ec7a871615,Cleora,Thompson,C,224,ready for deployment
51c0d725-c747-4876-84c1-cd2d6c479596,Ron,Windler,ruby,149,initial commit
2f4df2ce-5fa5-42ae-9853-eaf72503078e,Pinkie,Donnelly,C,476,ready for deployment
c0490372-5ab5-4f44-a2dc-6a119390169a,Morton,Maggio,ruby,361,initial commit
2762f230-1adb-4c5a-850e-24f8963a418b,Alexandra,Labadie,Python,306,ready for deployment
f2941f14-1dc4-458a-8687-16236d0cde4e,Cortney,Crona,Python,249,ready for deployment
22e3e736-969c-49ce-b6cc-5c30ff28f84d,Kirstin,Gutmann,ruby,131,features added
641e4988-299a-4daa-80cd-eb6f8e84095e,Elfrieda,Stracke,C++,257,features updated to the requirement
0be8392c-1e7b-4ecc-81c6-21a0f6c616bb,Sophia,Morar,scala,447,features updated to the requirement
ed0d1db0-2310-4abb-ba26-d8272cebdddc,Jedidiah,Shanahan,C,106,bug fixed
70a5edbd-5036-423e-b3db-fe6b2898bd76,Justina,Hudson,ruby,250,bug fixed
b14dc9c8-e70b-450d-a7b4-93fd0b022dad,Sedrick,Schiller,scala,132,bug fixed
443989be-8a87-47a9-88b9-fc4f06eafc8d,Lukas,Torp,C++,349,bug fixed
5befe2fa-5af8-4c2a-8bd1-e0302b39896c,Norbert,Turcotte,C++,291,features updated to the requirement
d1d40a2f-d4c7-467d-b4c3-47cb77314834,Irving,Anderson,C,215,bug fixed
8cf49f00-f327-43ca-bd45-83072ddef758,Georgiana,Parisian,Python,219,features updated to the requirement
bc41ebcb-2119-4e6c-a30c-945c1f705a19,Reynold,Towne,Python,125,features added
e33fa8ca-c90c-4f5c-bf7f-5ffca6379492,Penelope,Herman,scala,134,features updated to the requirement
fbeb3496-ebba-43b3-8ff5-426c9b026190,Brennon,Reinger,C++,138,features added
80c23255-735f-47e6-a3ae-915d7369de90,Jennyfer,Weber,C,185,initial commit
b89062fe-1d2a-4ed0-a035-5bec56538eaf,Marguerite,Littel,ruby,185,initial commit
561461ed-ba59-44f9-86fd-b47ac36b076e,Delores,Block,JavaScript,139,features updated to the requirement
019810f9-8cae-43b2-a6db-f2ac3c0843f7,Myrtis,Hettinger,ruby,305,initial commit
981cf701-46d6-411f-acc1-e76500c27713,Hilda,Shields,JavaScript,106,bug fixed
1aa7f238-b794-48ac-8531-8f7003246cad,Tess,Rice,scala,417,ready for deployment
21f9959f-0a1e-485e-84c7-2df1573e0af9,Salma,Crist,JavaScript,331,ready for deployment
636f739f-4614-4de6-b312-eca32e767e20,Magnolia,Deckow,Java,424,ready for deployment
e71e55cb-0519-41e9-a239-aa8ecc7ecd3d,Jarvis,Boyle,C++,228,initial commit
e2161a16-6948-4217-abed-f3e79264652c,Haven,Stoltenberg,C,388,ready for deployment
1c0c2f6a-73c4-48c8-a77b-6f3f79226d8d,Skylar,Haley,scala,383,ready for deployment
b43c9354-b9a1-4918-aab0-04aecb3d4ab9,Nannie,Nikolaus,ruby,178,initial commit
bde20153-e691-42c7-9b65-a87359447ada,Sophia,Rau,JavaScript,326,features updated to the requirement
b876e78f-ea86-44f1-8089-8e70a2352176,Louie,Mertz,scala,371,features updated to the requirement
e448a0e1-40f7-4f3d-a49b-e035adaa913b,Alvera,Lakin,Python,256,ready for deployment
a5af384e-0152-4ad5-b329-71bebf8a92a7,Daphnee,Treutel,Python,341,features updated to the requirement
3d034130-b802-4953-bcc4-aedf2064b78d,Ariane,Powlowski,scala,350,ready for deployment
b7a3b5a2-4e6b-4629-a6ee-ea2109a5ce14,Adalberto,Doyle,JavaScript,485,bug fixed
6818e6dc-fa66-4118-949f-eb04e06857d3,Juanita,Stroman,C,272,initial commit
94cc03fe-2deb-4e54-a9fe-464a2d1ef7f3,Felix,Muller,Java,178,ready for deployment
2e4d49ef-850c-4efc-b1ef-379741b23151,Yvette,Runolfsdottir,C,215,features updated to the requirement
ccc5a37d-a31f-4fa8-843a-4848d6b4abe4,Rhett,Okuneva,scala,294,ready for deployment
8c157584-82bc-4835-aec0-809bbce25afc,Hector,Block,JavaScript,153,features added
fdb79be0-016c-459b-9f19-810410f46cff,Kaitlyn,Prohaska,scala,244,ready for deployment
3fc744a0-f173-4c45-ad10-0faf0810d596,Kamille,Olson,JavaScript,345,features updated to the requirement
e566eba6-59a6-423a-8cba-690d48da88ac,Yolanda,Heathcote,ruby,274,initial commit
b6ada4ee-272c-446e-b4aa-b31073be3931,Dayana,Abshire,JavaScript,293,ready for deployment
7330d75e-58d1-43dc-88f2-68e9be1b271e,Eugene,Goodwin,scala,193,features added
dfc255e5-5a7b-4f0f-8816-1fe2fdef6e69,Cierra,Emard,Python,244,initial commit
9f98c41e-cece-425f-8e51-29520e448fbe,Theodora,Hammes,Java,371,features updated to the requirement
52219f49-0881-4260-bf7f-f3b75a6cf261,Deonte,Bins,JavaScript,222,features updated to the requirement
2c8a13c4-2320-4643-bb97-7020337aa2d1,Orlo,Spencer,C++,163,features updated to the requirement
0c316317-9cb1-4e5c-abae-0fb4cb4503e6,Albina,Boyer,scala,336,ready for deployment
a2dd96b2-161a-4691-86df-727ddade86d9,Marcelino,Steuber,C,295,bug fixed
70ce8942-b239-4884-85b2-0ed06dd1921f,Jorge,Ankunding,ruby,161,features added
bd7fe89b-c7f1-4e64-b42e-b8d9010f0fab,Buster,Schamberger,Java,305,features added
57f4b769-7bbd-48ce-8437-bff4da44b572,Brionna,Larkin,Python,364,features added
fa027a81-9f7a-4aa7-a6ec-c68876f0c983,Mertie,Pagac,Python,461,features updated to the requirement
5cd63203-bcdd-41eb-891f-8553d543ca0c,Leonie,Renner,JavaScript,113,initial commit
